RC300,2016
RC300,2017
RC300,2018
RC300,2019
RC300,2020
RC300,2021
RC300,2022
LS600H,2008
LS600H,2009
LS600H,2010
LS600H,2011
LS600H,2012
LS600H,2013
LS600H,2014
LS600H,2015
LS600H,2016
ES300H,2022
ES300H,2021
ES300H,2020
ES300H,2019
ES300H,2018
ES300H,2017
ES300H,2016
ES300H,2015
ES300H,2014
ES300H,2013
LFA,2012
RX400H,2006
RX400H,2007
RX400H,2008
GS300,1993
GS300,1994
GS300,1995
GS300,1996
GS300,1997
GS300,1998
GS300,1999
GS300,2000
GS300,2001
GS300,2002
GS300,2003
GS300,2004
GS300,2005
GS300,2006
GS300,2018
GS300,2019
GS460,2008
GS460,2009
GS460,2010
GS460,2011
IS350,2006
IS350,2007
IS350,2008
IS350,2009
IS350,2010
IS350,2011
IS350,2012
IS350,2013
IS350,2014
IS350,2015
IS350,2016
IS350,2017
IS350,2018
IS350,2019
IS350,2020
IS350,2021
IS350,2022
ES330,2004
ES330,2005
ES330,2006
LC500H,2018
LC500H,2019
LC500H,2020
LC500H,2021
LC500H,2022
SC300,1992
SC300,1993
SC300,1994
SC300,1995
SC300,1996
SC300,1997
SC300,1998
SC300,1999
SC300,2000
LX450,1996
LX450,1997
LX570,2008
LX570,2009
LX570,2010
LX570,2011
LX570,2013
LX570,2014
LX570,2015
LX570,2016
LX570,2017
LX570,2018
LX570,2019
LX570,2020
LX570,2021
GS450H,2007
GS450H,2008
GS450H,2009
GS450H,2010
GS450H,2011
GS450H,2013
GS450H,2014
GS450H,2015
GS450H,2016
GS450H,2017
GS450H,2018
LS400,1990
LS400,1991
LS400,1992
LS400,1993
LS400,1994
LS400,1995
LS400,1996
LS400,1997
LS400,1998
LS400,1999
LS400,2000
RX350L,2018
RX350L,2019
RX350L,2020
RX350L,2021
RX350L,2022
NX300,2018
NX300,2019
NX300,2020
NX300,2021
LC500C,2021
LC500C,2022
GS200T,2016
GS200T,2017
RC350,2015
RC350,2016
RC350,2017
RC350,2018
RC350,2019
RC350,2020
RC350,2021
RC350,2022
HS250H,2010
HS250H,2011
HS250H,2012
IS500,2022
LS500H,2018
LS500H,2019
LS500H,2020
LS500H,2021
LS500H,2022
IS300,2001
IS300,2002
IS300,2003
IS300,2004
IS300,2005
IS300,2016
IS300,2017
IS300,2018
IS300,2019
IS300,2020
IS300,2021
IS300,2022
IS350C,2010
IS350C,2011
IS350C,2012
IS350C,2013
IS350C,2014
IS350C,2015
RX350,2007
RX350,2008
RX350,2009
RX350,2010
RX350,2011
RX350,2012
RX350,2013
RX350,2014
RX350,2015
RX350,2016
RX350,2017
RX350,2018
RX350,2019
RX350,2020
RX350,2021
RX350,2022
NX200T,2015
NX200T,2016
NX200T,2017
RC200T,2016
RC200T,2017
GS430,2001
GS430,2002
GS430,2003
GS430,2004
GS430,2005
GS430,2006
GS430,2007
ES250,2022
ES250,2021
ES250,1991
ES250,1990
GS350,2007
GS350,2008
GS350,2009
GS350,2010
GS350,2011
GS350,2013
GS350,2014
GS350,2015
GS350,2016
GS350,2017
GS350,2018
GS350,2019
GS350,2020
NX450H+,2022
NX250,2022
RC F,2015
RC F,2016
RC F,2017
RC F,2018
RC F,2019
RC F,2020
RC F,2021
RC F,2022
GS F,2016
GS F,2017
GS F,2018
GS F,2019
GS F,2020
IS200T,2016
IS200T,2017
RX300,1999
RX300,2000
RX300,2001
RX300,2002
RX300,2003
RX450H,2010
RX450H,2011
RX450H,2012
RX450H,2013
RX450H,2014
RX450H,2015
RX450H,2016
RX450H,2017
RX450H,2018
RX450H,2019
RX450H,2020
RX450H,2021
RX450H,2022
UX250H,2022
UX250H,2021
UX250H,2020
UX250H,2019
GS400,1998
GS400,1999
GS400,2000
IS250,2006
IS250,2007
IS250,2008
IS250,2009
IS250,2010
IS250,2011
IS250,2012
IS250,2013
IS250,2014
IS250,2015
CT200H,2017
CT200H,2016
CT200H,2015
CT200H,2014
CT200H,2013
CT200H,2012
CT200H,2011
GX460,2010
GX460,2011
GX460,2012
GX460,2013
GX460,2014
GX460,2015
GX460,2016
GX460,2017
GX460,2018
GX460,2019
GX460,2020
GX460,2021
GX460,2022
NX350H,2022
LC500,2018
LC500,2019
LC500,2020
LC500,2021
LC500,2022
ES350,2022
ES350,2021
ES350,2020
ES350,2019
ES350,2018
ES350,2017
ES350,2016
ES350,2015
ES350,2014
ES350,2013
ES350,2012
ES350,2011
ES350,2010
ES350,2009
ES350,2008
ES350,2007
LS460,2007
LS460,2008
LS460,2009
LS460,2010
LS460,2011
LS460,2012
LS460,2013
LS460,2014
LS460,2015
LS460,2016
LS460,2017
RX450HL,2018
RX450HL,2019
RX450HL,2020
RX450HL,2021
RX450HL,2022
SC400,1991
SC400,1992
SC400,1993
SC400,1994
SC400,1995
SC400,1996
SC400,1997
SC400,1998
SC400,1999
SC400,2000
LX470,1998
LX470,1999
LX470,2000
LX470,2001
LX470,2002
LX470,2003
LX470,2004
LX470,2005
LX470,2006
LX470,2007
LS500,2018
LS500,2019
LS500,2020
LS500,2021
LS500,2022
RX330,2004
RX330,2005
RX330,2006
GX470,2003
GX470,2004
GX470,2005
GX470,2006
GX470,2007
GX470,2008
GX470,2009
SC430,2002
SC430,2003
SC430,2004
SC430,2005
SC430,2006
SC430,2007
SC430,2008
SC430,2009
SC430,2010
IS F,2008
IS F,2009
IS F,2010
IS F,2011
IS F,2012
IS F,2013
IS F,2014
NX300H,2015
NX300H,2016
NX300H,2017
NX300H,2018
NX300H,2019
NX300H,2020
NX300H,2021
ES300,1992
ES300,1993
ES300,1994
ES300,1995
ES300,1996
ES300,1997
ES300,1998
ES300,1999
ES300,2000
ES300,2001
ES300,2002
ES300,2003
NX350,2022
UX200,2019
UX200,2020
UX200,2021
UX200,2022
IS250C,2010
IS250C,2011
IS250C,2012
IS250C,2013
IS250C,2014
IS250C,2015
LX600,2022
LS430,2001
LS430,2002
LS430,2003
LS430,2004
LS430,2005
LS430,2006